Arts_Entertainmenet,Auto&Vehicles,Beauty&Fitness,Books&Literature,Business&Industry,Computer&Electronics,Finance
eurovision 2025,sailing olympics,ipl 2025,bonnie blue,link gacor,world t20,т банк
bappam tv,vivo v40,ipl table 2025,priyansh arya,situs gacor,movie box,евро 2024
minecraft movie,vendee globe,ipl 2025 points table,metaphor refantazio,slot gacor,chatgpt free,chatgpt
youtube music channel,twisters,kling ai,uglies,slot gacor m77--daftar,mb66,stock market today
thunderbolts,챗지 피티,longlegs,intensamente 2,slot gacor rajadewa138--pot,squid game,chat gpt
comércio perto de mim,r6 marketplace,levantamiento de potencia paralímpicos,eci result,slot gacor es--mami188,strands hint,tesla stock
mickey 17,copilot,miss france 2025,palantir stock,slot gacor inter77--official,samsung a55,gme stock
filmes e series novas,ghibli,romper el circulo,rhaenyra targaryen,link gacor rajadewa138--pot,squid game season 2,silver price today
jio hotstar,xrp,tata ipl 2025,house of the dragon,slot123,kuwin,bitcoin usd
gt vs mi,gt vs rr,miss universo 2024,palantir,slot gacor m77.cx,blackbox ai,statefarm
рутуб,copilot ai,beleza fatal,targaryen family tree,slot gacor titan777.com,gemini,tesla share price
sinners,gamma ai,orange cap in ipl 2025,ficha rápida,slot gacor km--mami188,npci,stock market
sabrina carpenter,co pilot,ters yüz 2,daemon targaryen,slot gacor rajadewa138$,copilot,betpawa ug
moviebox,doge,psl,handmaid's tale cast,slot gacor resmi--delta138,nvidia stock,dolar hoje
toluca américa,chatgpt,yoga mats,codiguin ff,slot gacor hobicuan,samsung galaxy s24,bitcoin price
trump,capcut pro apk,miss world 2025,handmaid's tale,situs slot es--mami188,yesplay,bitcoin price usd
gemini,xrp news,渡邊 渚,romans,slot gacor ac--mami188,nvda,gold price today
diddy,chat gpt,eliminar tatuajes ray studios,小 红 书,u888,nvidia stock price,nifty 50
américa cruz azul,chat gbt,long legs,the handmaid's tale,bluesky,samsung galaxy s24 ultra,cmsp
final destination,microsoft copilot,kimberly cheatle,proverbios,slot gacor online@@mami188,chatgpt,
donald trump,مای مدیو,chatgpt,metaphor,slot gacor titan331.com,tesla stock,
final destination bloodlines,pbks vs rr,wirtz,the odyssey,brat generator,nvidia share price,
slot gacor rtp--mami188,kick,miu miu,versiculo,slot provip805 gacor,chat gpt,
valeria marquez,byd,chat gpt,kahoot join,slot 888 gacor,mflash,
lilo and stitch,gamma,low taper fade,1 corintios,slot gacor--delta138,info gtk,